-- Insertar Salas UCI
INSERT INTO "SALA_UCI" 
    (ID_SALA, NUM_CONSECUTIVO, DESCRIPCION) 
VALUES 
    ('1', '1', 'Sala sencilla');

INSERT INTO "SALA_UCI" 
    (ID_SALA, NUM_CONSECUTIVO, DESCRIPCION) 
VALUES 
    ('2', '2', 'Sala doble');
    
INSERT INTO "SALA_UCI" 
    (ID_SALA, NUM_CONSECUTIVO, DESCRIPCION) 
VALUES 
    ('3', '3', 'Sala Sencilla');
    
-- Ingresar camas

INSERT INTO "CAMA" 
    (ID_CAMA, NUM_CAMA, ESTADO_CAMA, SALA_UCI_ID_SALA) 
VALUES 
    ('1', '103', '1', '1');

INSERT INTO "CAMA" 
    (ID_CAMA, NUM_CAMA, ESTADO_CAMA, SALA_UCI_ID_SALA) 
VALUES 
    ('2', '104', '1', '2');
    
INSERT INTO "CAMA" 
    (ID_CAMA, NUM_CAMA, ESTADO_CAMA, SALA_UCI_ID_SALA) 
VALUES 
    ('3', '105', '1', '2');

-- Ingresar personal medico (Enfermeras y medicos)

INSERT INTO "PERSONAL_MEDICO" 
    (ID_PERSONA, TIPO_DOCUMENTO, NUM_DOCUMENTO, NOMBRE_PERSONA, APELLIDO_PERSONA, FECHA_CONTRATO, GENERO_PERSONA, FECHA_NACIMIENTO, TELEFONO_CONTACTO, SALARIO_PERSONA, TITULO_PERSONA) 
VALUES 
    ('1', 'CC', '10553322', 'Rigoberto', 'Macias', TO_DATE('2005-02-12', 'YYYY-MM-DD'), 'M', TO_DATE('1985-02-14', 'YYYY-MM-DD'), '3122533224', '2600000', 'Medico Cirujano');
    
INSERT INTO "PERSONAL_MEDICO" 
    (ID_PERSONA, TIPO_DOCUMENTO, NUM_DOCUMENTO, NOMBRE_PERSONA, APELLIDO_PERSONA, FECHA_CONTRATO, GENERO_PERSONA, FECHA_NACIMIENTO, TELEFONO_CONTACTO, SALARIO_PERSONA, TITULO_PERSONA) 
VALUES 
    ('2', 'CC', '11233524', 'Dario', 'Cardona', TO_DATE('2006-05-10', 'YYYY-MM-DD'), 'M', TO_DATE('1989-02-14', 'YYYY-MM-DD'), '3215566332', '2500000', 'Medico Auxiliar');

INSERT INTO "PERSONAL_MEDICO" 
    (ID_PERSONA, TIPO_DOCUMENTO, NUM_DOCUMENTO, NOMBRE_PERSONA, APELLIDO_PERSONA, FECHA_CONTRATO, GENERO_PERSONA, FECHA_NACIMIENTO, TELEFONO_CONTACTO, SALARIO_PERSONA, ANIOS_EXPERIENCIA) 
VALUES 
    ('3', 'CC', '1136585', 'Martha', 'Fajardo', TO_DATE('2006-03-10', 'YYYY-MM-DD'), 'F', TO_DATE('1993-05-14', 'YYYY-MM-DD'), '3154255412', '1600000', '3');
    
INSERT INTO "PERSONAL_MEDICO" 
    (ID_PERSONA, TIPO_DOCUMENTO, NUM_DOCUMENTO, NOMBRE_PERSONA, APELLIDO_PERSONA, FECHA_CONTRATO, GENERO_PERSONA, FECHA_NACIMIENTO, TELEFONO_CONTACTO, SALARIO_PERSONA, ANIOS_EXPERIENCIA) 
VALUES 
    ('4', 'CC', '11233524', 'Paula', 'Ramos Lopez', TO_DATE('2008-04-12', 'YYYY-MM-DD'), 'F', TO_DATE('1996-08-14', 'YYYY-MM-DD'), '3116325223', '1500000', '2');
    
-- Ingresar asignación de salas
    
INSERT INTO "SALA_ASIGNADA" 
    (ID_SALA_ASIGNADA, PERSONAL_MEDICO_ID_PERSONA, SALA_UCI_ID_SALA) 
VALUES 
    ('1', '1', '1');
    
INSERT INTO "SALA_ASIGNADA" 
    (ID_SALA_ASIGNADA, PERSONAL_MEDICO_ID_PERSONA, SALA_UCI_ID_SALA) 
VALUES 
    ('2', '2', '2');

    
-- Ingresar Medicamentos
INSERT INTO "MEDICAMENTO" 
    (ID_MEDICAMENTO, NOMBRE_MEDICAMENTO, CODIGO_MEDICAMENTO, COSTO_MEDICAMENTO) 
VALUES 
    ('1', 'Omeprazol', '110', '8500');

INSERT INTO "MEDICAMENTO" 
    (ID_MEDICAMENTO, NOMBRE_MEDICAMENTO, CODIGO_MEDICAMENTO, COSTO_MEDICAMENTO) 
VALUES 
    ('2', 'Paracetamol', '235', '5500');   

INSERT INTO "MEDICAMENTO" 
    (ID_MEDICAMENTO, NOMBRE_MEDICAMENTO, CODIGO_MEDICAMENTO, COSTO_MEDICAMENTO) 
VALUES 
    ('3', 'Aspirina', '653', '6300');
    
-- Ingresar Pacientes
INSERT INTO "PACIENTE" 
    (ID_PACIENTE, TIPO_DOCUMENTO, NUM_DOCUMENTO, NOMBRE_PACIENTE, APELLIDO_PACIENTE) 
VALUES 
    ('1', 'CC', '10822553', 'Julio', 'Perdomo');

INSERT INTO "PACIENTE" 
    (ID_PACIENTE, TIPO_DOCUMENTO, NUM_DOCUMENTO, NOMBRE_PACIENTE, APELLIDO_PACIENTE) 
VALUES 
    ('2', 'CC', '10755223', 'Pedro', 'Torrez');
    
INSERT INTO "PACIENTE" 
    (ID_PACIENTE, TIPO_DOCUMENTO, NUM_DOCUMENTO, NOMBRE_PACIENTE, APELLIDO_PACIENTE) 
VALUES 
    ('3', 'CC', '1015525', 'Diana', 'Ortiz');
    
-- Registro de ingresos a la UCI
INSERT INTO "INGRESO_UCI" 
    (ID_INGRESO, MOTIVO_INGRESO, RAZON_INGRESO, ESTADO_GRAVEDAD, FECHA_INGRESO, NOMBRE_CONTACTO, TELEFONO_CONTACTO, PACIENTE_ID_PACIENTE, CAMA_ID_CAMA) 
VALUES 
    ('1', 'Afectación en las vasvulas del corazón', 'Cirugia', 'Estado crítico', TO_TIMESTAMP('2020-10-11 10:49:00', 'YYYY-MM-DD HH24:MI:SS'), 'Juan Pablo Diaz', '3102535563', '1', '1');

INSERT INTO "INGRESO_UCI" 
    (ID_INGRESO, MOTIVO_INGRESO, RAZON_INGRESO, ESTADO_GRAVEDAD, FECHA_INGRESO, NOMBRE_CONTACTO, TELEFONO_CONTACTO, PACIENTE_ID_PACIENTE, CAMA_ID_CAMA) 
VALUES 
    ('2', 'Torcedura de tobillo', 'Operacion', 'Estado estable', TO_TIMESTAMP('2020-10-15 08:28:00', 'YYYY-MM-DD HH24:MI:SS'), 'Pedro Florez', '3112563332', '2', '2');
    
INSERT INTO "INGRESO_UCI" 
    (ID_INGRESO, MOTIVO_INGRESO, RAZON_INGRESO, ESTADO_GRAVEDAD, FECHA_INGRESO, NOMBRE_CONTACTO, TELEFONO_CONTACTO, PACIENTE_ID_PACIENTE, CAMA_ID_CAMA) 
VALUES 
    ('3', 'Quemadura de segundo nivel', 'Curación', 'Estado crítico', TO_TIMESTAMP('2020-08-16 12:45:00', 'YYYY-MM-DD HH24:MI:SS'), 'Ronal Bernal', '3162336325', '3', '3');

-- Examenes
INSERT INTO "EXAMEN" 
    (ID_EXAMEN, FECHA_EXAMEN, NOMBRE_EXAMEN, COSTO_EXAMEN, RESULTADO_EXAMEN, PACIENTE_ID_PACIENTE) 
VALUES 
    ('1', TO_TIMESTAMP('2021-11-08 10:02:57', 'YYYY-MM-DD HH24:MI:SS'), 'Analisis radiografico', '35000', 'Bueno', '2');

INSERT INTO "EXAMEN" 
    (ID_EXAMEN, FECHA_EXAMEN, NOMBRE_EXAMEN, COSTO_EXAMEN, RESULTADO_EXAMEN, PACIENTE_ID_PACIENTE) 
VALUES 
    ('2', TO_TIMESTAMP('2021-11-09 11:02:57', 'YYYY-MM-DD HH24:MI:SS'), 'Chequeo medico', '25000', 'Exelente', '2');

